{"cameraMode":{"drawMode":0,"name":"Shaded","section":"Shading Mode"},"sceneLighting":true,"audioPlay":false,"sceneViewState":{"showFog":true,"showMaterialUpdate":false,"showSkybox":true,"showFlares":true,"showImageEffects":true,"showParticleSystems":true},"in2DMode":false,"pivot":{"x":1.1553781032562256,"y":0.04229164123535156,"z":-0.9045562744140625},"rotation":{"x":-0.5387779474258423,"y":-0.00681458180770278,"z":0.004365301690995693,"w":-0.8424224257469177},"size":26.853548049926759,"orthographic":false}